{"cameraMode":{"drawMode":0,"name":"Shaded","section":"Shading Mode"},"sceneLighting":true,"audioPlay":false,"sceneViewState":{"m_AlwaysRefresh":false,"showFog":true,"showSkybox":true,"showFlares":true,"showImageEffects":true,"showParticleSystems":true,"showVisualEffectGraphs":true,"m_FxEnabled":true},"in2DMode":false,"pivot":{"x":-3.1273739337921144,"y":3.8048436641693117,"z":78.21060943603516},"rotation":{"x":-0.037606701254844668,"y":-0.4446968734264374,"z":-0.018676036968827249,"w":0.8947277069091797},"size":12.926342964172364,"orthographic":false}