{"cameraMode":{"drawMode":0,"name":"Shaded","section":"Shading Mode"},"sceneLighting":false,"audioPlay":false,"sceneViewState":{"m_AlwaysRefresh":false,"showFog":true,"showSkybox":false,"showFlares":true,"showImageEffects":true,"showParticleSystems":true,"showVisualEffectGraphs":true,"m_FxEnabled":true},"in2DMode":false,"pivot":{"x":12.257038116455079,"y":1.3323357105255128,"z":73.02410888671875},"rotation":{"x":0.11514091491699219,"y":0.5819072127342224,"z":-0.08367153257131577,"w":0.8007521033287048},"size":0.5275149941444397,"orthographic":false}