{"cameraMode":{"drawMode":0,"name":"Shaded","section":"Shading Mode"},"sceneLighting":false,"audioPlay":false,"sceneViewState":{"m_AlwaysRefresh":false,"showFog":true,"showSkybox":false,"showFlares":true,"showImageEffects":true,"showParticleSystems":true,"showVisualEffectGraphs":true,"m_FxEnabled":true},"in2DMode":false,"pivot":{"x":12.418006896972657,"y":0.3801385164260864,"z":73.31388854980469},"rotation":{"x":0.1031983345746994,"y":-0.42338284850120547,"z":0.04859441518783569,"w":0.8987787961959839},"size":1.2017532587051392,"orthographic":true}