{"cameraMode":{"drawMode":0,"name":"Shaded","section":"Shading Mode"},"sceneLighting":false,"audioPlay":false,"sceneViewState":{"m_AlwaysRefresh":false,"showFog":true,"showSkybox":false,"showFlares":true,"showImageEffects":true,"showParticleSystems":true,"showVisualEffectGraphs":true,"m_FxEnabled":true},"in2DMode":false,"pivot":{"x":-0.13200002908706666,"y":0.6050000190734863,"z":-2.9802322387695315e-8},"rotation":{"x":0.1774572730064392,"y":0.14191694557666779,"z":-0.02593570575118065,"w":0.9735329747200012},"size":0.45000019669532778,"orthographic":false}