{"cameraMode":{"drawMode":0,"name":"Shaded","section":"Shading Mode"},"sceneLighting":false,"audioPlay":false,"sceneViewState":{"m_AlwaysRefresh":false,"showFog":true,"showSkybox":false,"showFlares":true,"showImageEffects":true,"showParticleSystems":true,"showVisualEffectGraphs":true,"m_FxEnabled":true},"in2DMode":false,"pivot":{"x":10.400503158569336,"y":1.3476054668426514,"z":73.93382263183594},"rotation":{"x":0.0001230988127645105,"y":0.9965999126434326,"z":-0.0014951321063563228,"w":0.08238789439201355},"size":0.4946393668651581,"orthographic":false}