{"cameraMode":{"drawMode":0,"name":"Shaded","section":"Shading Mode"},"sceneLighting":false,"audioPlay":false,"sceneViewState":{"m_AlwaysRefresh":false,"showFog":true,"showSkybox":false,"showFlares":true,"showImageEffects":true,"showParticleSystems":true,"showVisualEffectGraphs":true,"m_FxEnabled":true},"in2DMode":false,"pivot":{"x":-14.995285034179688,"y":0.1939355581998825,"z":15.126102447509766},"rotation":{"x":-0.008304023183882237,"y":0.7217829823493958,"z":0.008661716245114804,"w":0.6920188069343567},"size":21.214311599731447,"orthographic":false}