{"cameraMode":{"drawMode":0,"name":"Shaded","section":"Shading Mode"},"sceneLighting":false,"audioPlay":false,"sceneViewState":{"m_AlwaysRefresh":false,"showFog":true,"showSkybox":false,"showFlares":true,"showImageEffects":true,"showParticleSystems":true,"showVisualEffectGraphs":true,"m_FxEnabled":true},"in2DMode":false,"pivot":{"x":13.987029075622559,"y":0.319968044757843,"z":79.91324615478516},"rotation":{"x":0.017991799861192704,"y":-0.9760594367980957,"z":0.08837977796792984,"w":0.19809910655021668},"size":0.553418755531311,"orthographic":false}