{"cameraMode":{"drawMode":0,"name":"Shaded","section":"Shading Mode"},"sceneLighting":false,"audioPlay":false,"sceneViewState":{"m_AlwaysRefresh":false,"showFog":true,"showSkybox":false,"showFlares":true,"showImageEffects":true,"showParticleSystems":true,"showVisualEffectGraphs":true,"m_FxEnabled":true},"in2DMode":false,"pivot":{"x":2.4873552322387697,"y":0.07390616089105606,"z":-2.711740255355835},"rotation":{"x":-0.009194831363856793,"y":0.7320676445960999,"z":0.009883412159979344,"w":0.6811016798019409},"size":3.5365614891052248,"orthographic":false}