{"cameraMode":{"drawMode":0,"name":"Shaded","section":"Shading Mode"},"sceneLighting":false,"audioPlay":false,"sceneViewState":{"m_AlwaysRefresh":false,"showFog":true,"showSkybox":false,"showFlares":true,"showImageEffects":true,"showParticleSystems":true,"showVisualEffectGraphs":true,"m_FxEnabled":true},"in2DMode":false,"pivot":{"x":12.164795875549317,"y":1.1462827920913697,"z":75.29129791259766},"rotation":{"x":0.06067406013607979,"y":0.8989918231964111,"z":-0.13201917707920075,"w":0.413168728351593},"size":0.07414371520280838,"orthographic":false}