{"cameraMode":{"drawMode":0,"name":"Shaded","section":"Shading Mode"},"sceneLighting":false,"audioPlay":false,"sceneViewState":{"m_AlwaysRefresh":false,"showFog":true,"showSkybox":false,"showFlares":true,"showImageEffects":true,"showParticleSystems":true,"showVisualEffectGraphs":true,"m_FxEnabled":true},"in2DMode":false,"pivot":{"x":-1.9645233154296876,"y":-0.3407996892929077,"z":-1.9645259380340577},"rotation":{"x":0.009546039626002312,"y":0.7070788741111755,"z":-0.009546046145260334,"w":0.7070092558860779},"size":3.829357624053955,"orthographic":false}