{"cameraMode":{"drawMode":0,"name":"Shaded","section":"Shading Mode"},"sceneLighting":false,"audioPlay":false,"sceneViewState":{"m_AlwaysRefresh":false,"showFog":true,"showSkybox":false,"showFlares":true,"showImageEffects":true,"showParticleSystems":true,"showVisualEffectGraphs":true,"m_FxEnabled":true},"in2DMode":false,"pivot":{"x":13.775530815124512,"y":0.47020798921585085,"z":78.42017364501953},"rotation":{"x":0.008419339545071125,"y":0.9361623525619507,"z":-0.022472526878118516,"w":0.3507516086101532},"size":0.5534198880195618,"orthographic":false}