{"cameraMode":{"drawMode":0,"name":"Shaded","section":"Shading Mode"},"sceneLighting":false,"audioPlay":false,"sceneViewState":{"m_AlwaysRefresh":false,"showFog":true,"showSkybox":false,"showFlares":true,"showImageEffects":true,"showParticleSystems":true,"showVisualEffectGraphs":true,"m_FxEnabled":true},"in2DMode":false,"pivot":{"x":0.0010530352592468262,"y":0.6686179041862488,"z":3.2899999618530275},"rotation":{"x":-0.07143764197826386,"y":0.7522116303443909,"z":0.08269845694303513,"w":0.6497997045516968},"size":0.8660253882408142,"orthographic":false}