{"cameraMode":{"drawMode":0,"name":"Shaded","section":"Shading Mode"},"sceneLighting":false,"audioPlay":false,"sceneViewState":{"m_AlwaysRefresh":false,"showFog":true,"showSkybox":false,"showFlares":true,"showImageEffects":true,"showParticleSystems":true,"showVisualEffectGraphs":true,"m_FxEnabled":true},"in2DMode":false,"pivot":{"x":15.413361549377442,"y":1.5233280658721924,"z":72.52609252929688},"rotation":{"x":-0.13011527061462403,"y":0.8076387643814087,"z":-0.19405707716941834,"w":-0.5414892435073853},"size":0.5787016153335571,"orthographic":false}